INSERT INTO salesperson(name)
VALUES
('ANDY'),
('RAYMOND'),
('JOEY'),
('CINDY');

INSERT INTO customer(name,phone)
VALUES
('RICHMON','91234567'),
('RANDOM','81234567'),
('WENDY LOH', '93322112'),
('TAN AH KEE', '81111118'),
('DAEMON KEE', '83322332');

INSERT INTO car(carID, model, weight, price, manufacturer)
VALUES
('100001', 'Model S', '1500', '150000', 'TELSA'),
('100002', 'Model X', '1600', '200000', 'TELSA'),
('100005', 'E200', '1750', '380000', 'MERCEDES'),
('100006', 'C180', '1960', '165000', 'MERCEDES'),
('100032', 'C200 AMG', '2100', '350000', 'MERCEDES'),
('100055', 'VEZEL', '1500', '100000', 'HONDA'),
('100256', 'CIVIC TYPE R', '2000', '350000', 'HONDA'),
('100285', 'SHUTTLE', '2000', '100000', 'HONDA'),
('100311', 'CITY', '1500', '120000', 'HONDA'),
('100351', 'NOAH', '1920', '180000', 'TOYOTA'),
('101001', 'ALPHARD', '2100', '250000', 'TOYOTA'),
('102001', 'PRIUS', '1500', '150000', 'TOYOTA'),
('102101', 'YARIS', '1641', '210000', 'TOYOTA'),
('102501', '110i', '1500', '120000', 'BMW'),
('103501', '330', '1620', '250000', 'BMW'),
('105101', '530', '1955', '450000', 'BMW');

INSERT INTO transaction(empID, custID, carID, price, txnDate)
VALUES
(4, 4, '102101', '210000', now()),
(3, 4, '105101', '450000', now()),
(4, 3, '100001', '150000', now()),
(3, 3, '100351', '380000', now()),
(2, 5, '100256', '350000', now()),
(2, 2, '100285', '100000', now()),
(2, 5, '100002', '200000', now()),
(1, 1, '100311', '120000', now()),
(1, 2, '100055', '100000', now()),
(4, 4, '102101', '210000', now()),
(3, 4, '105101', '450000', now()),
(4, 3, '100001', '150000', now()),
(3, 3, '100351', '380000', now()),
(2, 5, '100256', '350000', now()),
(2, 2, '100285', '100000', now()),
(2, 5, '100002', '200000', now()),
(1, 1, '100311', '120000', now()),
(1, 2, '100055', '100000', now());